,UT,TEST,AA,AI Military Expenditure ,Total Military Expenditure ,MF,SC,LA,Job openings,Working population,JO,RS,PISA (country reating) - math,PISA max - math,Ed,AI Legislation,Total Legislation (technology),Reg,Domestic AI Patents,Total Domestic Patents,DP,TP,Threats to critical infrastructure,Cyber Threats / Cyber Attacks,Disinformation/ misinformation & Deepfakes,Violation of human rights,TT,Intelligence,State-owned data / Federal info,Personal data / Privacy,Self-driving cars,Autonomous weapons,Information sphere / infrastructure,Space (operations e.t.c),Digital infrastructure (cyber operations e.t.c),DA,AI in Security,AI department,AI Strategy,AI in Digital Strategy,AI companies,PV,Military Sector,Environmental Sector,Economic Sector,Societal Sector,Political Sector,Max score TF,TF,AI capability,Threat Evaluation,Security Consistency
2003,0,0,0,0,33529449813,0,1,0,,36171000,0,0,500,600,0.8333333333,0,,0,12,67931,0.0001766498359,0.8335099832,0,0,0,0,0,0,0,1,0,0,0,0,0,1,0,0,0,0,1,0.1,0,0,0,2,0,15,0.1333333333,0.3,0.6251324876,-0.3251324876
2008,0,0,0,0,46459882082,0,1,0,,38734000,0,0,504,600,0.84,1,,0,8,79433,0.0001007138091,0.8401007138,1,1,0,0,2,0,0,0,0,0,1,0,1,2,0,0,0,0,1,0.1,0,0,0,2,0,15,0.1333333333,0.3,1.065037768,-0.7650377679
2012,0,0,0,0,44470341542,0,1,0,,39205000,0,0,514,600,0.8566666667,0,,0,7,64081,0.0001092367472,0.8567759034,0,1,0,0,1,0,1,1,0,0,1,0,0,3,0,0,0,0,1,0.1,0,0,2,2,2,15,0.4,0.3,0.1547313253,0.1452686747
2013,0,0,0,0,44865692370,0,1,0,,39620000,0,0,514,600,0.8566666667,0,,0,8,64327,0.0001243645748,0.8567910312,1,1,0,0,2,0,1,1,0,0,1,0,0,3,0,0,0,0,1,0.1,0,0,2,2,2,15,0.4,0.3,0.2380659193,0.06193408073
2016,0,0,0,0,39724906521,0,1,0,,41339000,0,1,506,600,0.8433333333,0,,0,21,73908,0.0002841370352,0.8436174704,1,1,0,1,3,0,1,1,0,0,1,0,1,4,0,0,0,1,1,0.2,3,0,2,3,2,15,0.6666666667,0.5,0.2882713103,0.2117286897
2018,1,0,0,0,46511573009,0,1,1,139000,41896000,0.003317739164,1,500,600,0.8333333333,0,,0,32,75031,0.000426490384,0.8337598237,1,1,1,1,4,1,1,1,0,1,1,0,1,6,1,0,1,1,1,0.7,3,0,3,3,3,15,0.8,1.050663548,0.7049233076,0.3457402402
2019,1,0,0,0,49276757725,0,1,1,161500,42378000,0.003810939638,1,500,600,0.8333333333,1,,0,21,77901,0.0002695729195,0.8336029063,1,1,1,1,4,0,1,1,0,1,1,0,1,5,1,1,1,1,1,1,3,0,3,3,3,15,0.8,1.050762188,1.208400727,-0.1576385386